{
  "config": {
    "benchmark_type": "week1_eval40",
    "generated_at_utc": "2026-03-01T00:09:43.451342+00:00",
    "base_model": "C:\\Users\\kai99\\.cache\\huggingface\\hub\\models--Qwen--Qwen2.5-0.5B-Instruct\\snapshots\\7ae557604adf67be50417f59c2c2f167def9a775",
    "adapter_dir": "C:\\Users\\kai99\\Desktop\\New folder (9)\\Supermix_27\\artifacts\\qwen_supermix_enhanced_v8_repair\\adapter",
    "eval_source": "C:\\Users\\kai99\\Desktop\\New folder (9)\\Supermix_27\\artifacts\\qwen_supermix_enhanced_v8_repair\\eval_pairs.jsonl",
    "eval_samples": 40,
    "seed": 42,
    "max_length": 256,
    "max_new_tokens": 32,
    "max_records": 480,
    "eval_size": 64,
    "max_eval_samples": 40
  },
  "base": {
    "eval_samples": 40.0,
    "eval_loss": 3.0873885110020636,
    "perplexity": 21.91975995369008,
    "token_f1": 0.11613320689749156,
    "char_similarity": 0.20836161653978474,
    "avg_gen_seconds": 4.212393975257873,
    "avg_prompt_tokens": 53.175,
    "avg_generated_tokens": 29.45,
    "total_prompt_tokens": 2127.0,
    "total_generated_tokens": 1178.0,
    "eval_seconds": 190.02988123893738,
    "generated_tokens_per_sec": 6.199025081317718
  },
  "tuned": {
    "eval_samples": 40.0,
    "eval_loss": 0.528970406204462,
    "perplexity": 1.697183998633558,
    "token_f1": 0.4767731059513653,
    "char_similarity": 0.6317170855084727,
    "avg_gen_seconds": 4.677112078666687,
    "avg_prompt_tokens": 53.175,
    "avg_generated_tokens": 22.125,
    "total_prompt_tokens": 2127.0,
    "total_generated_tokens": 885.0,
    "eval_seconds": 233.83667492866516,
    "generated_tokens_per_sec": 3.7846928856219004
  },
  "delta_tuned_minus_base": {
    "avg_gen_seconds": 0.4647181034088135,
    "avg_generated_tokens": -7.324999999999999,
    "avg_prompt_tokens": 0.0,
    "char_similarity": 0.423355468968688,
    "eval_loss": -2.5584181047976013,
    "eval_samples": 0.0,
    "eval_seconds": 43.80679368972778,
    "generated_tokens_per_sec": -2.4143321956958173,
    "perplexity": -20.22257595505652,
    "token_f1": 0.3606398990538737,
    "total_generated_tokens": -293.0,
    "total_prompt_tokens": 0.0
  }
}