{
  "config": {
    "benchmark_type": "week1_eval120_mixed",
    "generated_at_utc": "2026-03-01T02:39:21.606633+00:00",
    "base_model": "C:\\Users\\kai99\\.cache\\huggingface\\hub\\models--Qwen--Qwen2.5-0.5B-Instruct\\snapshots\\7ae557604adf67be50417f59c2c2f167def9a775",
    "adapter_dir": "C:\\Users\\kai99\\Desktop\\New folder (9)\\Supermix_27\\artifacts\\qwen_supermix_enhanced_v8_repair\\adapter",
    "eval_source": "split_from_data",
    "eval_samples": 120,
    "seed": 44,
    "max_length": 256,
    "max_new_tokens": 32,
    "max_records": 2400,
    "eval_size": 120,
    "max_eval_samples": 120
  },
  "base": {
    "eval_samples": 120.0,
    "eval_loss": 3.6424478108684224,
    "perplexity": 38.18519254942001,
    "token_f1": 0.13012539557303995,
    "char_similarity": 0.2290285132831032,
    "avg_gen_seconds": 7.8129005869229635,
    "avg_prompt_tokens": 53.00833333333333,
    "avg_generated_tokens": 30.833333333333332,
    "total_prompt_tokens": 6361.0,
    "total_generated_tokens": 3700.0,
    "eval_seconds": 1207.3494205474854,
    "generated_tokens_per_sec": 3.064564356457964
  },
  "tuned": {
    "eval_samples": 120.0,
    "eval_loss": 1.3617400297895075,
    "perplexity": 3.902978695887932,
    "token_f1": 0.47777178685519023,
    "char_similarity": 0.5136612225300557,
    "avg_gen_seconds": 6.440275208155314,
    "avg_prompt_tokens": 53.00833333333333,
    "avg_generated_tokens": 26.6,
    "total_prompt_tokens": 6361.0,
    "total_generated_tokens": 3192.0,
    "eval_seconds": 996.9094178676605,
    "generated_tokens_per_sec": 3.2018957217071224
  },
  "delta_tuned_minus_base": {
    "avg_gen_seconds": -1.3726253787676495,
    "avg_generated_tokens": -4.233333333333331,
    "avg_prompt_tokens": 0.0,
    "char_similarity": 0.28463270924695255,
    "eval_loss": -2.280707781078915,
    "eval_samples": 0.0,
    "eval_seconds": -210.44000267982483,
    "generated_tokens_per_sec": 0.13733136524915857,
    "perplexity": -34.28221385353208,
    "token_f1": 0.34764639128215025,
    "total_generated_tokens": -508.0,
    "total_prompt_tokens": 0.0
  }
}