{
  "run_count": 3,
  "run_inputs": [
    "C:\\Users\\kai99\\Desktop\\New folder (9)\\Supermix_27\\artifacts\\research_baselines\\week1_seed42_eval120_20260301",
    "C:\\Users\\kai99\\Desktop\\New folder (9)\\Supermix_27\\artifacts\\research_baselines\\week1_seed43_eval120_20260301",
    "C:\\Users\\kai99\\Desktop\\New folder (9)\\Supermix_27\\artifacts\\research_baselines\\week1_seed44_eval120_20260301"
  ],
  "base": {
    "avg_gen_seconds": {
      "mean": 7.606556435426077,
      "std": 0.5598013830398276,
      "min": 6.841468238830567,
      "max": 8.1653004805247
    },
    "avg_generated_tokens": {
      "mean": 30.84722222222222,
      "std": 0.2281501022042342,
      "min": 30.575,
      "max": 31.133333333333333
    },
    "avg_prompt_tokens": {
      "mean": 53.72222222222222,
      "std": 0.8499546102623192,
      "min": 53.00833333333333,
      "max": 54.916666666666664
    },
    "char_similarity": {
      "mean": 0.23346757767423715,
      "std": 0.0033366783699092725,
      "min": 0.2290285132831032,
      "max": 0.237073170588119
    },
    "eval_loss": {
      "mean": 3.5600288588139746,
      "std": 0.07597769532115635,
      "min": 3.4591180215279262,
      "max": 3.6424478108684224
    },
    "eval_samples": {
      "mean": 120.0,
      "std": 0.0,
      "min": 120.0,
      "max": 120.0
    },
    "eval_seconds": {
      "mean": 1151.41743294398,
      "std": 97.27477322982217,
      "min": 1014.6062195301056,
      "max": 1232.2966587543488
    },
    "generated_tokens_per_sec": {
      "mean": 3.2374943753324463,
      "std": 0.26810721669247645,
      "min": 3.0317375069218215,
      "max": 3.6161812626175536
    },
    "perplexity": {
      "mean": 35.264877825043136,
      "std": 2.640656718983057,
      "min": 31.78892699768862,
      "max": 38.18519254942001
    },
    "token_f1": {
      "mean": 0.13573127242966262,
      "std": 0.0039861380311112,
      "min": 0.13012539557303995,
      "max": 0.1390485581199414
    },
    "total_generated_tokens": {
      "mean": 3701.6666666666665,
      "std": 27.378012264508094,
      "min": 3669.0,
      "max": 3736.0
    },
    "total_prompt_tokens": {
      "mean": 6446.666666666667,
      "std": 101.99455323147843,
      "min": 6361.0,
      "max": 6590.0
    }
  },
  "tuned": {
    "avg_gen_seconds": {
      "mean": 6.967999782164892,
      "std": 0.43127668054790397,
      "min": 6.440275208155314,
      "max": 7.4966817120711005
    },
    "avg_generated_tokens": {
      "mean": 27.191666666666666,
      "std": 0.5869333358574381,
      "min": 26.6,
      "max": 27.991666666666667
    },
    "avg_prompt_tokens": {
      "mean": 53.72222222222222,
      "std": 0.8499546102623192,
      "min": 53.00833333333333,
      "max": 54.916666666666664
    },
    "char_similarity": {
      "mean": 0.5107049527513757,
      "std": 0.013198029872700079,
      "min": 0.49326663802195336,
      "max": 0.5251869977021182
    },
    "eval_loss": {
      "mean": 1.3114845389707221,
      "std": 0.03643831934721775,
      "min": 1.2764868438554307,
      "max": 1.3617400297895075
    },
    "eval_samples": {
      "mean": 120.0,
      "std": 0.0,
      "min": 120.0,
      "max": 120.0
    },
    "eval_seconds": {
      "mean": 1073.2273313204448,
      "std": 59.32671587214671,
      "min": 996.9094178676605,
      "max": 1141.5718953609467
    },
    "generated_tokens_per_sec": {
      "mean": 3.0463828141206504,
      "std": 0.11202450966338413,
      "min": 2.942434036480846,
      "max": 3.2018957217071224
    },
    "perplexity": {
      "mean": 3.7141608636879413,
      "std": 0.13666369793186237,
      "min": 3.5840263379907795,
      "max": 3.902978695887932
    },
    "token_f1": {
      "mean": 0.4585794697446282,
      "std": 0.019276524855163086,
      "min": 0.43221674211027494,
      "max": 0.47777178685519023
    },
    "total_generated_tokens": {
      "mean": 3263.0,
      "std": 70.43200030289262,
      "min": 3192.0,
      "max": 3359.0
    },
    "total_prompt_tokens": {
      "mean": 6446.666666666667,
      "std": 101.99455323147843,
      "min": 6361.0,
      "max": 6590.0
    }
  },
  "delta_tuned_minus_base": {
    "avg_gen_seconds": {
      "mean": -0.638556653261185,
      "std": 0.6120066901169467,
      "min": -1.3726253787676495,
      "max": 0.12557418743769322
    },
    "avg_generated_tokens": {
      "mean": -3.6555555555555537,
      "std": 0.4479548863969596,
      "min": -4.233333333333331,
      "max": -3.1416666666666657
    },
    "avg_prompt_tokens": {
      "mean": 0.0,
      "std": 0.0,
      "min": 0.0,
      "max": 0.0
    },
    "char_similarity": {
      "mean": 0.27723737507713864,
      "std": 0.015097688280488526,
      "min": 0.25619346743383437,
      "max": 0.290885948550629
    },
    "eval_loss": {
      "mean": -2.2485443198432526,
      "std": 0.06118841659630085,
      "min": -2.302033900190145,
      "max": -2.162891278260698
    },
    "eval_samples": {
      "mean": 0.0,
      "std": 0.0,
      "min": 0.0,
      "max": 0.0
    },
    "eval_seconds": {
      "mean": -78.19010162353516,
      "std": 113.44561649801587,
      "min": -210.44000267982483,
      "max": 66.59446120262146
    },
    "generated_tokens_per_sec": {
      "mean": -0.19111156121179596,
      "std": 0.31799139459929443,
      "min": -0.6213625784435708,
      "max": 0.13733136524915857
    },
    "perplexity": {
      "mean": -31.550716961355192,
      "std": 2.5566301998394185,
      "min": -34.28221385353208,
      "max": -28.133449440503508
    },
    "token_f1": {
      "mean": 0.32284819731496556,
      "std": 0.021990111899335762,
      "min": 0.29419687851426846,
      "max": 0.34764639128215025
    },
    "total_generated_tokens": {
      "mean": -438.6666666666667,
      "std": 53.754586367635234,
      "min": -508.0,
      "max": -377.0
    },
    "total_prompt_tokens": {
      "mean": 0.0,
      "std": 0.0,
      "min": 0.0,
      "max": 0.0
    }
  }
}