{
  "config": {
    "base_model": "Qwen/Qwen2.5-0.5B-Instruct",
    "max_records": 240,
    "eval_size": 32,
    "max_steps": 8,
    "max_length": 256,
    "supermix_distill_ratio": 0.2,
    "teacher_generated": 40,
    "use_dora": false,
    "use_rslora": true,
    "lora_init": "true",
    "neftune_noise_alpha": 0.0,
    "preference_objective": "repo",
    "preference_steps": 4,
    "preference_pairs": 32
  },
  "train_stats": {
    "sft_steps": 8.0,
    "sft_loss_mean": 22.11780834197998,
    "preference_steps": 4.0,
    "preference_loss_mean": 0.24315557070076466,
    "preference_pairs": 32.0,
    "preference_objective": "repo",
    "train_tokens_per_sec": 8.028211130251972,
    "train_seconds": 491.01847672462463,
    "lora_use_dora": false,
    "lora_use_rslora": true
  },
  "base": {
    "eval_samples": 32.0,
    "eval_loss": 3.467457138001919,
    "perplexity": 32.0551269560887,
    "token_f1": 0.17074981440201142,
    "char_similarity": 0.08000330609924398,
    "avg_gen_seconds": 8.019520722329617
  },
  "tuned": {
    "eval_samples": 32.0,
    "eval_loss": 1.5496293939650059,
    "perplexity": 4.709724406824877,
    "token_f1": 0.388283705104773,
    "char_similarity": 0.3115319280804658,
    "avg_gen_seconds": 8.14217296987772
  }
}