{
  "config": {
    "base_model": "C:\\Users\\kai99\\.cache\\huggingface\\hub\\models--Qwen--Qwen2.5-0.5B-Instruct\\snapshots\\7ae557604adf67be50417f59c2c2f167def9a775",
    "eval_size": 32,
    "max_length": 256,
    "max_new_tokens": 64,
    "note": "benchmark regenerated after training stage"
  },
  "base": {
    "eval_samples": 32.0,
    "eval_loss": 3.467457138001919,
    "perplexity": 32.0551269560887,
    "token_f1": 0.16702670402097655,
    "char_similarity": 0.05386104838562853,
    "avg_gen_seconds": 9.930568784475327
  },
  "tuned": {
    "eval_samples": 32.0,
    "eval_loss": 0.5099255664390512,
    "perplexity": 1.6651672460052676,
    "token_f1": 0.5318986398890301,
    "char_similarity": 0.46357278963734067,
    "avg_gen_seconds": 114.70787246525288
  }
}