{
  "run_count": 3,
  "run_inputs": [
    "C:\\Users\\kai99\\Desktop\\New folder (9)\\Supermix_27\\artifacts\\research_baselines\\week1_seed42_eval40_20260301",
    "C:\\Users\\kai99\\Desktop\\New folder (9)\\Supermix_27\\artifacts\\research_baselines\\week1_seed43_eval40_20260301",
    "C:\\Users\\kai99\\Desktop\\New folder (9)\\Supermix_27\\artifacts\\research_baselines\\week1_seed44_eval40_20260301"
  ],
  "base": {
    "avg_gen_seconds": {
      "mean": 5.170179855823517,
      "std": 0.6777139022100096,
      "min": 4.212393975257873,
      "max": 5.679549920558929
    },
    "avg_generated_tokens": {
      "mean": 29.45,
      "std": 0.0,
      "min": 29.45,
      "max": 29.45
    },
    "avg_prompt_tokens": {
      "mean": 53.175,
      "std": 0.0,
      "min": 53.175,
      "max": 53.175
    },
    "char_similarity": {
      "mean": 0.20836161653978474,
      "std": 0.0,
      "min": 0.20836161653978474,
      "max": 0.20836161653978474
    },
    "eval_loss": {
      "mean": 3.0873885110020636,
      "std": 0.0,
      "min": 3.0873885110020636,
      "max": 3.0873885110020636
    },
    "eval_samples": {
      "mean": 40.0,
      "std": 0.0,
      "min": 40.0,
      "max": 40.0
    },
    "eval_seconds": {
      "mean": 245.48683778444925,
      "std": 39.21758288904947,
      "min": 190.02988123893738,
      "max": 273.86546182632446
    },
    "generated_tokens_per_sec": {
      "mean": 4.94076978834058,
      "std": 0.8897602878813223,
      "min": 4.301382117132554,
      "max": 6.199025081317718
    },
    "perplexity": {
      "mean": 21.91975995369008,
      "std": 0.0,
      "min": 21.91975995369008,
      "max": 21.91975995369008
    },
    "token_f1": {
      "mean": 0.11613320689749156,
      "std": 0.0,
      "min": 0.11613320689749156,
      "max": 0.11613320689749156
    },
    "total_generated_tokens": {
      "mean": 1178.0,
      "std": 0.0,
      "min": 1178.0,
      "max": 1178.0
    },
    "total_prompt_tokens": {
      "mean": 2127.0,
      "std": 0.0,
      "min": 2127.0,
      "max": 2127.0
    }
  },
  "tuned": {
    "avg_gen_seconds": {
      "mean": 4.664168179035187,
      "std": 0.3017535836795569,
      "min": 4.288295120000839,
      "max": 5.027097338438034
    },
    "avg_generated_tokens": {
      "mean": 22.125,
      "std": 0.0,
      "min": 22.125,
      "max": 22.125
    },
    "avg_prompt_tokens": {
      "mean": 53.175,
      "std": 0.0,
      "min": 53.175,
      "max": 53.175
    },
    "char_similarity": {
      "mean": 0.6317170855084727,
      "std": 0.0,
      "min": 0.6317170855084727,
      "max": 0.6317170855084727
    },
    "eval_loss": {
      "mean": 0.528970406204462,
      "std": 0.0,
      "min": 0.528970406204462,
      "max": 0.528970406204462
    },
    "eval_samples": {
      "mean": 40.0,
      "std": 0.0,
      "min": 40.0,
      "max": 40.0
    },
    "eval_seconds": {
      "mean": 238.87467789649963,
      "std": 17.455475749291605,
      "min": 220.46512603759766,
      "max": 262.3222327232361
    },
    "generated_tokens_per_sec": {
      "mean": 3.724215497863359,
      "std": 0.26496774778705184,
      "min": 3.3737132793228475,
      "max": 4.01424032864533
    },
    "perplexity": {
      "mean": 1.697183998633558,
      "std": 0.0,
      "min": 1.697183998633558,
      "max": 1.697183998633558
    },
    "token_f1": {
      "mean": 0.4767731059513653,
      "std": 0.0,
      "min": 0.4767731059513653,
      "max": 0.4767731059513653
    },
    "total_generated_tokens": {
      "mean": 885.0,
      "std": 0.0,
      "min": 885.0,
      "max": 885.0
    },
    "total_prompt_tokens": {
      "mean": 2127.0,
      "std": 0.0,
      "min": 2127.0,
      "max": 2127.0
    }
  },
  "delta_tuned_minus_base": {
    "avg_gen_seconds": {
      "mean": -0.5060116767883299,
      "std": 0.740093100932067,
      "min": -1.3303005516529085,
      "max": 0.4647181034088135
    },
    "avg_generated_tokens": {
      "mean": -7.324999999999999,
      "std": 0.0,
      "min": -7.324999999999999,
      "max": -7.324999999999999
    },
    "avg_prompt_tokens": {
      "mean": 0.0,
      "std": 0.0,
      "min": 0.0,
      "max": 0.0
    },
    "char_similarity": {
      "mean": 0.423355468968688,
      "std": 0.0,
      "min": 0.423355468968688,
      "max": 0.423355468968688
    },
    "eval_loss": {
      "mean": -2.5584181047976013,
      "std": 0.0,
      "min": -2.5584181047976013,
      "max": -2.5584181047976013
    },
    "eval_samples": {
      "mean": 0.0,
      "std": 0.0,
      "min": 0.0,
      "max": 0.0
    },
    "eval_seconds": {
      "mean": -6.612159887949626,
      "std": 39.76760335804818,
      "min": -53.40033578872681,
      "max": 43.80679368972778
    },
    "generated_tokens_per_sec": {
      "mean": -1.216554290477221,
      "std": 0.8889131001275665,
      "min": -2.4143321956958173,
      "max": -0.28714178848722405
    },
    "perplexity": {
      "mean": -20.22257595505652,
      "std": 0.0,
      "min": -20.22257595505652,
      "max": -20.22257595505652
    },
    "token_f1": {
      "mean": 0.3606398990538737,
      "std": 0.0,
      "min": 0.3606398990538737,
      "max": 0.3606398990538737
    },
    "total_generated_tokens": {
      "mean": -293.0,
      "std": 0.0,
      "min": -293.0,
      "max": -293.0
    },
    "total_prompt_tokens": {
      "mean": 0.0,
      "std": 0.0,
      "min": 0.0,
      "max": 0.0
    }
  }
}