{
  "config": {
    "benchmark_type": "autoresearch_smoke",
    "generated_at_utc": "2026-03-21T09:25:53.527166+00:00",
    "base_model": "Qwen/Qwen2.5-0.5B-Instruct",
    "adapter_dir": "C:\\Users\\kai99\\Desktop\\New folder (9)\\Supermix_27\\artifacts\\autoresearch\\pref_stop_iter_20260321\\adapter",
    "eval_source": "C:\\Users\\kai99\\Desktop\\New folder (9)\\Supermix_27\\artifacts\\autoresearch\\pref_stop_iter_20260321\\eval_pairs.jsonl",
    "eval_samples": 8,
    "seed": 42,
    "max_length": 448,
    "max_new_tokens": 112,
    "max_records": 480,
    "eval_size": 64,
    "max_eval_samples": 0
  },
  "base": {
    "eval_samples": 8.0,
    "eval_loss": 3.61903178691864,
    "perplexity": 37.30143459561615,
    "token_f1": 0.11524330317102568,
    "char_similarity": 0.08754236306264371,
    "avg_gen_seconds": 13.617884159088135,
    "avg_prompt_tokens": 46.25,
    "avg_generated_tokens": 75.5,
    "total_prompt_tokens": 370.0,
    "total_generated_tokens": 604.0,
    "eval_seconds": 118.86448001861572,
    "generated_tokens_per_sec": 5.081417088649239
  },
  "tuned": {
    "eval_samples": 8.0,
    "eval_loss": 10.462505042552948,
    "perplexity": 34979.065835906775,
    "token_f1": 0.002976190476190476,
    "char_similarity": 0.015450945605925158,
    "avg_gen_seconds": 18.08976298570633,
    "avg_prompt_tokens": 46.25,
    "avg_generated_tokens": 112.0,
    "total_prompt_tokens": 370.0,
    "total_generated_tokens": 896.0,
    "eval_seconds": 155.1439242362976,
    "generated_tokens_per_sec": 5.775282560439264
  },
  "delta_tuned_minus_base": {
    "avg_gen_seconds": 4.471878826618195,
    "avg_generated_tokens": 36.5,
    "avg_prompt_tokens": 0.0,
    "char_similarity": -0.07209141745671854,
    "eval_loss": 6.843473255634308,
    "eval_samples": 0.0,
    "eval_seconds": 36.279444217681885,
    "generated_tokens_per_sec": 0.6938654717900246,
    "perplexity": 34941.76440131116,
    "token_f1": -0.1122671126948352,
    "total_generated_tokens": 292.0,
    "total_prompt_tokens": 0.0
  }
}