{
  "config": {
    "benchmark_type": "week1_eval120_mixed",
    "generated_at_utc": "2026-03-01T01:21:24.337358+00:00",
    "base_model": "C:\\Users\\kai99\\.cache\\huggingface\\hub\\models--Qwen--Qwen2.5-0.5B-Instruct\\snapshots\\7ae557604adf67be50417f59c2c2f167def9a775",
    "adapter_dir": "C:\\Users\\kai99\\Desktop\\New folder (9)\\Supermix_27\\artifacts\\qwen_supermix_enhanced_v8_repair\\adapter",
    "eval_source": "split_from_data",
    "eval_samples": 120,
    "seed": 42,
    "max_length": 256,
    "max_new_tokens": 32,
    "max_records": 2400,
    "eval_size": 120,
    "max_eval_samples": 120
  },
  "base": {
    "eval_samples": 120.0,
    "eval_loss": 3.4591180215279262,
    "perplexity": 31.78892699768862,
    "token_f1": 0.1380198635960065,
    "char_similarity": 0.237073170588119,
    "avg_gen_seconds": 6.841468238830567,
    "avg_prompt_tokens": 54.916666666666664,
    "avg_generated_tokens": 30.575,
    "total_prompt_tokens": 6590.0,
    "total_generated_tokens": 3669.0,
    "eval_seconds": 1014.6062195301056,
    "generated_tokens_per_sec": 3.6161812626175536
  },
  "tuned": {
    "eval_samples": 120.0,
    "eval_loss": 1.2962267432672283,
    "perplexity": 3.6554775571851126,
    "token_f1": 0.43221674211027494,
    "char_similarity": 0.49326663802195336,
    "avg_gen_seconds": 6.96704242626826,
    "avg_prompt_tokens": 54.916666666666664,
    "avg_generated_tokens": 26.983333333333334,
    "total_prompt_tokens": 6590.0,
    "total_generated_tokens": 3238.0,
    "eval_seconds": 1081.200680732727,
    "generated_tokens_per_sec": 2.994818684173983
  },
  "delta_tuned_minus_base": {
    "avg_gen_seconds": 0.12557418743769322,
    "avg_generated_tokens": -3.591666666666665,
    "avg_prompt_tokens": 0.0,
    "char_similarity": 0.25619346743383437,
    "eval_loss": -2.162891278260698,
    "eval_samples": 0.0,
    "eval_seconds": 66.59446120262146,
    "generated_tokens_per_sec": -0.6213625784435708,
    "perplexity": -28.133449440503508,
    "token_f1": 0.29419687851426846,
    "total_generated_tokens": -431.0,
    "total_prompt_tokens": 0.0
  }
}