{
  "config": {
    "base_model": "C:\\Users\\kai99\\.cache\\huggingface\\hub\\models--Qwen--Qwen2.5-0.5B-Instruct\\snapshots\\7ae557604adf67be50417f59c2c2f167def9a775",
    "max_records": 240,
    "eval_size": 32,
    "max_steps": 10,
    "max_length": 256,
    "supermix_distill_ratio": 0.25,
    "teacher_generated": 52,
    "use_dora": false,
    "use_rslora": true,
    "lora_init": "true",
    "neftune_noise_alpha": 0.0,
    "preference_objective": "repo",
    "preference_steps": 6,
    "preference_pairs": 48
  },
  "train_stats": {
    "sft_steps": 10.0,
    "sft_loss_mean": 21.442718371748924,
    "preference_steps": 6.0,
    "preference_loss_mean": 2.0677099165817103,
    "preference_pairs": 48.0,
    "preference_objective": "repo",
    "train_tokens_per_sec": 5.523283733451924,
    "train_seconds": 876.2903072834015,
    "lora_use_dora": false,
    "lora_use_rslora": true
  },
  "base": {
    "eval_samples": 32.0,
    "eval_loss": 3.467457138001919,
    "perplexity": 32.0551269560887,
    "token_f1": 0.16702670402097655,
    "char_similarity": 0.05386104838562853,
    "avg_gen_seconds": 13.791582681238651
  },
  "tuned": {
    "eval_samples": 32.0,
    "eval_loss": 1.3712160419672728,
    "perplexity": 3.9401391579676974,
    "token_f1": 0.460384641755544,
    "char_similarity": 0.38257178305137407,
    "avg_gen_seconds": 9.862748600542545
  }
}