{
  "config": {
    "benchmark_type": "autoresearch_smoke",
    "generated_at_utc": "2026-03-21T00:41:37.163051+00:00",
    "base_model": "Qwen/Qwen2.5-0.5B-Instruct",
    "adapter_dir": "C:\\Users\\kai99\\Desktop\\New folder (9)\\Supermix_27\\artifacts\\autoresearch\\paper_iter_20260321\\adapter",
    "eval_source": "C:\\Users\\kai99\\Desktop\\New folder (9)\\Supermix_27\\artifacts\\autoresearch\\paper_iter_20260321\\eval_pairs.jsonl",
    "eval_samples": 8,
    "seed": 42,
    "max_length": 448,
    "max_new_tokens": 112,
    "max_records": 480,
    "eval_size": 64,
    "max_eval_samples": 0
  },
  "base": {
    "eval_samples": 8.0,
    "eval_loss": 3.61903178691864,
    "perplexity": 37.30143459561615,
    "token_f1": 0.11524330317102568,
    "char_similarity": 0.08754236306264371,
    "avg_gen_seconds": 13.08970245718956,
    "avg_prompt_tokens": 46.25,
    "avg_generated_tokens": 75.5,
    "total_prompt_tokens": 370.0,
    "total_generated_tokens": 604.0,
    "eval_seconds": 113.29526948928833,
    "generated_tokens_per_sec": 5.331202288698436
  },
  "tuned": {
    "eval_samples": 8.0,
    "eval_loss": 10.704505920410156,
    "perplexity": 44556.170045851286,
    "token_f1": 0.0,
    "char_similarity": 0.0153942090815746,
    "avg_gen_seconds": 20.28118935227394,
    "avg_prompt_tokens": 46.25,
    "avg_generated_tokens": 112.0,
    "total_prompt_tokens": 370.0,
    "total_generated_tokens": 896.0,
    "eval_seconds": 172.3503179550171,
    "generated_tokens_per_sec": 5.1987139370050555
  },
  "delta_tuned_minus_base": {
    "avg_gen_seconds": 7.191486895084381,
    "avg_generated_tokens": 36.5,
    "avg_prompt_tokens": 0.0,
    "char_similarity": -0.07214815398106911,
    "eval_loss": 7.085474133491516,
    "eval_samples": 0.0,
    "eval_seconds": 59.05504846572876,
    "generated_tokens_per_sec": -0.13248835169338058,
    "perplexity": 44518.86861125567,
    "token_f1": -0.11524330317102568,
    "total_generated_tokens": 292.0,
    "total_prompt_tokens": 0.0
  }
}