{
  "config": {
    "base_model": "Qwen/Qwen2.5-0.5B-Instruct",
    "max_records": 80,
    "eval_size": 8,
    "max_steps": 2,
    "max_length": 192,
    "supermix_distill_ratio": 0.1,
    "teacher_generated": 7,
    "use_dora": true,
    "use_rslora": true,
    "lora_init": "pissa_niter_4",
    "neftune_noise_alpha": 5.0,
    "preference_objective": "repo",
    "preference_steps": 2,
    "preference_pairs": 8
  },
  "train_stats": {
    "sft_steps": 2.0,
    "sft_loss_mean": 18.80741858482361,
    "preference_steps": 2.0,
    "preference_loss_mean": 2.191809296607971,
    "preference_pairs": 8.0,
    "preference_objective": "repo",
    "train_tokens_per_sec": 0.7253536305776791,
    "train_seconds": 325.3585424423218,
    "lora_use_dora": true,
    "lora_use_rslora": true
  },
  "base": {
    "eval_samples": 8.0,
    "eval_loss": 3.4385411739349365,
    "perplexity": 31.141494990340792,
    "token_f1": 0.18920958250199985,
    "char_similarity": 0.262170834057514,
    "avg_gen_seconds": 3.760471373796463
  },
  "tuned": {
    "eval_samples": 8.0,
    "eval_loss": 5.069795459508896,
    "perplexity": 159.14177307765738,
    "token_f1": 0.15151841521951806,
    "char_similarity": 0.19267582086552545,
    "avg_gen_seconds": 34.0734141767025
  }
}