{
  "config": {
    "base_model": "C:\\Users\\kai99\\.cache\\huggingface\\hub\\models--Qwen--Qwen2.5-0.5B-Instruct\\snapshots\\7ae557604adf67be50417f59c2c2f167def9a775",
    "max_records": 240,
    "eval_size": 32,
    "max_steps": 14,
    "max_length": 256,
    "supermix_distill_ratio": 0.35,
    "teacher_generated": 73,
    "use_dora": false,
    "use_rslora": true,
    "lora_init": "true",
    "neftune_noise_alpha": 0.0,
    "preference_objective": "repo",
    "preference_steps": 8,
    "preference_pairs": 64
  },
  "train_stats": {
    "sft_steps": 14.0,
    "sft_loss_mean": 15.53599027916789,
    "preference_steps": 8.0,
    "preference_loss_mean": 0.49473918974399567,
    "preference_pairs": 64.0,
    "preference_objective": "repo",
    "train_tokens_per_sec": 4.012261089708173,
    "train_seconds": 1617.2925577163696,
    "lora_use_dora": false,
    "lora_use_rslora": true
  },
  "base": {
    "eval_samples": 32.0,
    "eval_loss": 3.467457138001919,
    "perplexity": 32.0551269560887,
    "token_f1": 0.16702670402097655,
    "char_similarity": 0.05386104838562853,
    "avg_gen_seconds": 13.404909059405327
  },
  "tuned": {
    "eval_samples": 32.0,
    "eval_loss": 0.6845103017403744,
    "perplexity": 1.9828006237415745,
    "token_f1": 0.6015657609193495,
    "char_similarity": 0.5184194960842574,
    "avg_gen_seconds": 13.464266389608383
  }
}