{
  "config": {
    "base_model": "Qwen/Qwen2.5-0.5B-Instruct",
    "max_records": 240,
    "eval_size": 32,
    "max_steps": 8,
    "max_length": 256,
    "supermix_distill_ratio": 0.2,
    "teacher_generated": 40
  },
  "train_stats": {
    "train_steps": 8.0,
    "train_loss_mean": 25.13009351491928,
    "train_tokens_per_sec": 12.087070906430423,
    "train_seconds": 326.1336042881012
  },
  "base": {
    "eval_samples": 32.0,
    "eval_loss": 3.467457138001919,
    "perplexity": 32.0551269560887,
    "token_f1": 0.17074981440201142,
    "char_similarity": 0.08000330609924398,
    "avg_gen_seconds": 7.607520788908005
  },
  "tuned": {
    "eval_samples": 32.0,
    "eval_loss": 2.237030453979969,
    "perplexity": 9.36547873309174,
    "token_f1": 0.17113055754827075,
    "char_similarity": 0.15414470902255806,
    "avg_gen_seconds": 7.061366185545921
  }
}