{
  "config": {
    "base_model": "Qwen/Qwen2.5-0.5B-Instruct",
    "max_records": 120,
    "eval_size": 16,
    "max_steps": 4,
    "max_length": 256,
    "supermix_distill_ratio": 0.1,
    "teacher_generated": 10
  },
  "train_stats": {
    "train_steps": 4.0,
    "train_loss_mean": 13.79787015914917,
    "train_tokens_per_sec": 17.340701338782,
    "train_seconds": 63.895916223526
  },
  "base": {
    "eval_samples": 16.0,
    "eval_loss": 3.220565155148506,
    "perplexity": 25.042268950063875,
    "token_f1": 0.18995636608612146,
    "char_similarity": 0.15689976632207814,
    "avg_gen_seconds": 7.104198485612869
  },
  "tuned": {
    "eval_samples": 16.0,
    "eval_loss": 2.657491222023964,
    "perplexity": 14.260467836033344,
    "token_f1": 0.20798810146328758,
    "char_similarity": 0.13355059086768545,
    "avg_gen_seconds": 7.561067834496498
  }
}