{
  "config": {
    "benchmark_type": "autoresearch_smoke",
    "generated_at_utc": "2026-03-21T08:22:27.965949+00:00",
    "base_model": "Qwen/Qwen2.5-0.5B-Instruct",
    "adapter_dir": "C:\\Users\\kai99\\Desktop\\New folder (9)\\Supermix_27\\artifacts\\autoresearch\\scoped_token_budget_iter_20260321\\adapter",
    "eval_source": "C:\\Users\\kai99\\Desktop\\New folder (9)\\Supermix_27\\artifacts\\autoresearch\\scoped_token_budget_iter_20260321\\eval_pairs.jsonl",
    "eval_samples": 8,
    "seed": 42,
    "max_length": 448,
    "max_new_tokens": 112,
    "max_records": 480,
    "eval_size": 64,
    "max_eval_samples": 0
  },
  "base": {
    "eval_samples": 8.0,
    "eval_loss": 3.61903178691864,
    "perplexity": 37.30143459561615,
    "token_f1": 0.11524330317102568,
    "char_similarity": 0.08754236306264371,
    "avg_gen_seconds": 14.864085137844086,
    "avg_prompt_tokens": 46.25,
    "avg_generated_tokens": 75.5,
    "total_prompt_tokens": 370.0,
    "total_generated_tokens": 604.0,
    "eval_seconds": 132.7730348110199,
    "generated_tokens_per_sec": 4.549116474287814
  },
  "tuned": {
    "eval_samples": 8.0,
    "eval_loss": 11.41511583328247,
    "perplexity": 90682.15174050882,
    "token_f1": 0.0,
    "char_similarity": 0.021129513802432873,
    "avg_gen_seconds": 24.879251897335052,
    "avg_prompt_tokens": 46.25,
    "avg_generated_tokens": 112.0,
    "total_prompt_tokens": 370.0,
    "total_generated_tokens": 896.0,
    "eval_seconds": 211.81771087646484,
    "generated_tokens_per_sec": 4.230052323257143
  },
  "delta_tuned_minus_base": {
    "avg_gen_seconds": 10.015166759490967,
    "avg_generated_tokens": 36.5,
    "avg_prompt_tokens": 0.0,
    "char_similarity": -0.06641284926021084,
    "eval_loss": 7.796084046363831,
    "eval_samples": 0.0,
    "eval_seconds": 79.04467606544495,
    "generated_tokens_per_sec": -0.31906415103067065,
    "perplexity": 90644.8503059132,
    "token_f1": -0.11524330317102568,
    "total_generated_tokens": 292.0,
    "total_prompt_tokens": 0.0
  }
}